{
  "best_policy_per_detector": {
    "autoencoder": {
      "augmentation_policy": "random_event_oversampling",
      "event_f1_mean": 0.08831120286072949,
      "event_f1_std": 0.020210465387964244,
      "best_point_f1_mean": 0.06507782151762131
    },
    "cnn": {
      "augmentation_policy": "compatibility_strict",
      "event_f1_mean": 0.03393609858151674,
      "event_f1_std": 0.03234757998943208,
      "best_point_f1_mean": 0.04510281308309175
    },
    "iforest": {
      "augmentation_policy": "adaptive_groupwise_transfer",
      "event_f1_mean": 0.04365424224111576,
      "event_f1_std": 0.04573094519159642,
      "best_point_f1_mean": 0.06476956794830986
    },
    "internal_classifier": {
      "augmentation_policy": "groupwise_cross_dataset_compatible",
      "event_f1_mean": 0.06273189000081528,
      "event_f1_std": 0.030197714637857816,
      "best_point_f1_mean": 0.07642063665132073
    },
    "lof": {
      "augmentation_policy": "adaptive_groupwise_transfer",
      "event_f1_mean": 0.09674632419791322,
      "event_f1_std": 0.04279587967591555,
      "best_point_f1_mean": 0.07202558219954083
    },
    "ocsvm": {
      "augmentation_policy": "real_only",
      "event_f1_mean": 0.00788545186402076,
      "event_f1_std": 0.011368590985909376,
      "best_point_f1_mean": 0.006796538041569119
    },
    "timesnet": {
      "augmentation_policy": "real_only",
      "event_f1_mean": 0.037948176550091944,
      "event_f1_std": 0.058572139015557724,
      "best_point_f1_mean": 0.021088044989208087
    }
  },
  "best_augmentation_policy_per_detector": {
    "autoencoder": {
      "augmentation_policy": "random_event_oversampling",
      "event_f1": 0.08831120286072949,
      "auprc": NaN,
      "auroc": NaN
    },
    "cnn": {
      "augmentation_policy": "compatibility_strict",
      "event_f1": 0.03393609858151674,
      "auprc": NaN,
      "auroc": NaN
    },
    "iforest": {
      "augmentation_policy": "adaptive_groupwise_transfer",
      "event_f1": 0.04365424224111576,
      "auprc": NaN,
      "auroc": NaN
    },
    "internal_classifier": {
      "augmentation_policy": "groupwise_cross_dataset_compatible",
      "event_f1": 0.06273189000081528,
      "auprc": NaN,
      "auroc": NaN
    },
    "lof": {
      "augmentation_policy": "adaptive_groupwise_transfer",
      "event_f1": 0.09674632419791322,
      "auprc": NaN,
      "auroc": NaN
    },
    "ocsvm": {
      "augmentation_policy": "real_only",
      "event_f1": 0.00788545186402076,
      "auprc": NaN,
      "auroc": NaN
    },
    "timesnet": {
      "augmentation_policy": "real_only",
      "event_f1": 0.037948176550091944,
      "auprc": NaN,
      "auroc": NaN
    }
  },
  "statistical_comparison": [
    {
      "detector_backbone": "autoencoder",
      "policy_a": "groupwise_compatibility_strict",
      "policy_b": "real_only",
      "metric": "event_f1",
      "mean_delta": 0.03985206751914851,
      "std_delta": 0.043879336859115825,
      "wins_policy_a": 3,
      "num_seeds": 5,
      "win_rate_policy_a": 0.6,
      "paired_t_pvalue": 0.14346948465402623,
      "wilcoxon_pvalue": 0.25
    },
    {
      "detector_backbone": "autoencoder",
      "policy_a": "groupwise_cross_dataset_compatible",
      "policy_b": "groupwise_cross_dataset_all",
      "metric": "event_f1",
      "mean_delta": -0.020011434409701656,
      "std_delta": 0.03799014968737441,
      "wins_policy_a": 1,
      "num_seeds": 5,
      "win_rate_policy_a": 0.2,
      "paired_t_pvalue": 0.3515392388523516,
      "wilcoxon_pvalue": 0.625
    },
    {
      "detector_backbone": "autoencoder",
      "policy_a": "groupwise_compatibility_strict",
      "policy_b": "random_event_oversampling",
      "metric": "event_f1",
      "mean_delta": -0.04546288065993305,
      "std_delta": 0.04381744379625483,
      "wins_policy_a": 1,
      "num_seeds": 5,
      "win_rate_policy_a": 0.2,
      "paired_t_pvalue": 0.10661208709268656,
      "wilcoxon_pvalue": 0.1875
    },
    {
      "detector_backbone": "cnn",
      "policy_a": "groupwise_compatibility_strict",
      "policy_b": "real_only",
      "metric": "event_f1",
      "mean_delta": 0.03393609858151674,
      "std_delta": 0.03234757998943208,
      "wins_policy_a": 3,
      "num_seeds": 5,
      "win_rate_policy_a": 0.6,
      "paired_t_pvalue": 0.10386231013517687,
      "wilcoxon_pvalue": 0.25
    },
    {
      "detector_backbone": "cnn",
      "policy_a": "groupwise_cross_dataset_compatible",
      "policy_b": "groupwise_cross_dataset_all",
      "metric": "event_f1",
      "mean_delta": -0.0010630036756458263,
      "std_delta": 0.0021260073512916525,
      "wins_policy_a": 0,
      "num_seeds": 5,
      "win_rate_policy_a": 0.0,
      "paired_t_pvalue": 0.373900966300059,
      "wilcoxon_pvalue": 1.0
    },
    {
      "detector_backbone": "cnn",
      "policy_a": "groupwise_compatibility_strict",
      "policy_b": "random_event_oversampling",
      "metric": "event_f1",
      "mean_delta": 0.0084153201054667,
      "std_delta": 0.06046271574698325,
      "wins_policy_a": 3,
      "num_seeds": 5,
      "win_rate_policy_a": 0.6,
      "paired_t_pvalue": 0.7945301081653049,
      "wilcoxon_pvalue": 1.0
    },
    {
      "detector_backbone": "iforest",
      "policy_a": "groupwise_compatibility_strict",
      "policy_b": "real_only",
      "metric": "event_f1",
      "mean_delta": 0.03921190691945589,
      "std_delta": 0.047822374129620926,
      "wins_policy_a": 3,
      "num_seeds": 5,
      "win_rate_policy_a": 0.6,
      "paired_t_pvalue": 0.17636982153325576,
      "wilcoxon_pvalue": 0.25
    },
    {
      "detector_backbone": "iforest",
      "policy_a": "groupwise_cross_dataset_compatible",
      "policy_b": "groupwise_cross_dataset_all",
      "metric": "event_f1",
      "mean_delta": 0.03243055761529119,
      "std_delta": 0.040646179302435116,
      "wins_policy_a": 3,
      "num_seeds": 5,
      "win_rate_policy_a": 0.6,
      "paired_t_pvalue": 0.18577710748160414,
      "wilcoxon_pvalue": 0.25
    },
    {
      "detector_backbone": "iforest",
      "policy_a": "groupwise_compatibility_strict",
      "policy_b": "random_event_oversampling",
      "metric": "event_f1",
      "mean_delta": 0.007401465745597349,
      "std_delta": 0.03573442224305829,
      "wins_policy_a": 3,
      "num_seeds": 5,
      "win_rate_policy_a": 0.6,
      "paired_t_pvalue": 0.6999424290992575,
      "wilcoxon_pvalue": 0.875
    },
    {
      "detector_backbone": "internal_classifier",
      "policy_a": "groupwise_compatibility_strict",
      "policy_b": "real_only",
      "metric": "event_f1",
      "mean_delta": -0.0024139075953887026,
      "std_delta": 0.017714360867284857,
      "wins_policy_a": 2,
      "num_seeds": 5,
      "win_rate_policy_a": 0.4,
      "paired_t_pvalue": 0.7986999072626384,
      "wilcoxon_pvalue": 0.875
    },
    {
      "detector_backbone": "internal_classifier",
      "policy_a": "groupwise_cross_dataset_compatible",
      "policy_b": "groupwise_cross_dataset_all",
      "metric": "event_f1",
      "mean_delta": 0.005248815801001531,
      "std_delta": 0.041039101772868396,
      "wins_policy_a": 2,
      "num_seeds": 5,
      "win_rate_policy_a": 0.4,
      "paired_t_pvalue": 0.8107241476903237,
      "wilcoxon_pvalue": 1.0
    },
    {
      "detector_backbone": "internal_classifier",
      "policy_a": "groupwise_compatibility_strict",
      "policy_b": "random_event_oversampling",
      "metric": "event_f1",
      "mean_delta": -0.001677136611481124,
      "std_delta": 0.03364018498939055,
      "wins_policy_a": 1,
      "num_seeds": 5,
      "win_rate_policy_a": 0.2,
      "paired_t_pvalue": 0.9253717614574046,
      "wilcoxon_pvalue": 0.625
    },
    {
      "detector_backbone": "lof",
      "policy_a": "groupwise_compatibility_strict",
      "policy_b": "real_only",
      "metric": "event_f1",
      "mean_delta": 0.06362409704041491,
      "std_delta": 0.03729828137070557,
      "wins_policy_a": 4,
      "num_seeds": 5,